{"mistral_max_length": 250, "mistral_temperature": 0.6000000000000001, "mistral_top_p": 0.9500000000000001, "mistral_repetition_penalty": 1.0}